{"cameraMode":{"drawMode":0,"name":"Shaded","section":"Shading Mode"},"sceneLighting":true,"audioPlay":false,"sceneViewState":{"m_AlwaysRefresh":false,"showFog":true,"showSkybox":true,"showFlares":true,"showImageEffects":true,"showParticleSystems":true,"showVisualEffectGraphs":true,"m_FxEnabled":true},"in2DMode":false,"pivot":{"x":5.180000305175781,"y":3.390000343322754,"z":-3.369999885559082},"rotation":{"x":-0.17606526613235475,"y":0.01211282517760992,"z":-0.0021653741132467987,"w":-0.9843106865882874},"size":10.076241493225098,"orthographic":true}