{"cameraMode":{"drawMode":0,"name":"Shaded","section":"Shading Mode"},"sceneLighting":true,"audioPlay":false,"sceneViewState":{"m_AlwaysRefresh":false,"showFog":true,"showSkybox":true,"showFlares":true,"showImageEffects":true,"showParticleSystems":true,"showVisualEffectGraphs":true,"m_FxEnabled":true},"in2DMode":false,"pivot":{"x":0.41986703872680666,"y":14.00975513458252,"z":14.394968032836914},"rotation":{"x":0.1501159816980362,"y":-0.7336739301681519,"z":0.17209267616271974,"w":0.6399803757667542},"size":13.564427375793457,"orthographic":false}